{
    "version":"3.25",
    "autoreply":[{"index":"0","question":"了解如何领奖","reply":"您好，单注奖金一万元（含）以下奖金直接打到您的网易支付账户，可以随时消费或提现；单注奖金一万元以上奖金，您可以让网易代领或本人亲自兑奖，请您放心，如果您中了大奖，我们会有专人及时联系您告知您详细领奖流程！"},
                 {"index":"1","question":"了解如何充值","reply":"您好，登录后在“我的彩票-网易支付余额”页面，点击“充值”进入网易支付，选择充值方式：快捷支付、网上银行、手机充值卡等（充值前请先激活网易支付哦），输入充值金额即可。同时，推荐您购买红包，享受一键支付的便捷，还有优惠！"},
                 {"index":"2","question":"了解红包","reply":"您好，红包用于彩票投注，相当于您的一个彩金帐户，每次购彩时优先从红包中直接扣款，不需要再跳到支付平台或网银进行繁琐的支付流程，真正实现“一键支付”！购买红包相当于一次充值，方便以后的多次购彩，还能享受优惠。登录后在“我的彩票”中购买。"},
                 {"index":"3","question":"了解支付密码","reply":"您好，网易支付密码是使用网易支付账户余额支付、提现时需要输入密码，在网易支付帐号激活时设置，请保管好您的支付密码。若忘记支付密码，请登录网易支付帐号，选择“安全中心”，根据页面提示完成修复操作；如果您无法通过以上方法修改或找回支付密码，建议您尝试登录帐号修复中心 http://mima.163.com，选择“网易支付修复申请”，按照页面指引提交相关资料，申请人工修复支付密码，谢谢！"},
                 {"index":"4","question":"了解如何提现","reply":"您好，请登录后在“我的彩票-网易支付余额”页面，点击“提现”进入网易支付，按照提示操作即可完成提现。"}
                 ],
    "floatMessage":"亲，欢迎反馈问题和建议，我们会尽快回复！在线服务时间：周一至周日(8:30-24:00)",
    "floatMessageOff":"亲，客服mm休息中，请留言或电话联系！在线服务时间：周一至周日(8:30-24:00)",
    "config":{
        "helplink":"ntescaipiao://help"
    }
}
