{
  "cardList": [
    {
      "id": "1",
      "type": "1",
      "attribute": {
        "category": "ssq",
        "gameEn": "ssq",
        "gameCn": "双色球",
        "gameDesc": "2元赢1000万",
        "logo": "",
        "playgroundLogo": "",
        "delayTime": 0,
        "maxPeriods": 154,
        "shiftLeft": "",
        "awardHelpUrl": "http://pimg1.126.net/swdp/game_rule/ssq.html",
        "betHelpUrl": "http://pimg1.126.net/swdp/game_rule/ssq.html",
        "trickUrl": "",
        "rankMax": "",
        "rankMin": "",
        "badgeIcon": "",
        "activityText": "",
        "activityColor": ""
      }
    },
    {
      "id": "2",
      "type": "1",
      "attribute": {
        "category": "jczq",
        "gameEn": "jczq",
        "gameCn": "竞彩足球",
        "gameDesc": "2串1倍投奖金高",
        "logo": "",
        "playgroundLogo": "",
        "delayTime": 0,
        "maxPeriods": 0,
        "shiftLeft": "",
        "awardHelpUrl": "http://pimg1.126.net/swdp/game_rule/jczq.html",
        "betHelpUrl": "http://pimg1.126.net/swdp/game_rule/jczq.html",
        "trickUrl": "",
        "rankMax": "",
        "rankMin": "",
        "badgeIcon": "",
        "activityText": "",
        "activityColor": ""
      }
    },
    {
      "id": "3",
      "type": "2",
      "attribute": {
        "logo": "",
        "cardName": "11选5系列",
        "cardDesc": "猜对1个就中奖",
        "shiftLeft": "",
        "rankMax": "",
        "rankMin": "",
        "badgeIcon": "",
        "activityText": "",
        "activityColor": ""
      }
    },
    {
      "id": "4",
      "type": "1",
      "attribute": {
        "category": "d11",
        "gameEn": "d11",
        "gameCn": "11选5",
        "gameDesc": "",
        "logo": "",
        "playgroundLogo": "",
        "delayTime": 78,
        "maxPeriods": 78,
        "shiftLeft": "",
        "awardHelpUrl": "http://pimg1.126.net/swdp/game_rule/d11.html",
        "betHelpUrl": "http://pimg1.126.net/swdp/game_rule/d11.html",
        "trickUrl": "",
        "rankMax": "",
        "rankMin": "",
        "badgeIcon": "",
        "activityText": "",
        "activityColor": ""
      }
    },
    {
      "id": "5",
      "type": "1",
      "attribute": {
        "category": "d11",
        "gameEn": "gdd11",
        "gameCn": "粤11选5",
        "gameDesc": "",
        "logo": "",
        "playgroundLogo": "",
        "delayTime": 64,
        "maxPeriods": 84,
        "shiftLeft": "",
        "awardHelpUrl": "http://pimg1.126.net/swdp/game_rule/gdd11.html",
        "betHelpUrl": "http://pimg1.126.net/swdp/game_rule/gdd11.html",
        "trickUrl": "http://zxwap.caipiao.163.com/11xuan5#from=client",
        "rankMax": "",
        "rankMin": "",
        "badgeIcon": "",
        "activityText": "",
        "activityColor": ""
      }
    },
    {
      "id": "6",
      "type": "1",
      "attribute": {
        "category": "d11",
        "gameEn": "zjd11",
        "gameCn": "易乐11选5",
        "gameDesc": "",
        "logo": "",
        "playgroundLogo": "",
        "delayTime": 64,
        "maxPeriods": 84,
        "shiftLeft": "",
        "awardHelpUrl": "http://pimg1.126.net/swdp/game_rule/zjd11.html",
        "betHelpUrl": "http://pimg1.126.net/swdp/game_rule/zjd11.html",
        "trickUrl": "http://zxwap.caipiao.163.com/11xuan5#from=client",
        "rankMax": "",
        "rankMin": "",
        "badgeIcon": "",
        "activityText": "",
        "activityColor": ""
      }
    },
    {
      "id": "7",
      "type": "1",
      "attribute": {
        "category": "d11",
        "gameEn": "jxd11",
        "gameCn": "老11选5",
        "gameDesc": "",
        "logo": "",
        "playgroundLogo": "",
        "delayTime": 88,
        "maxPeriods": 78,
        "shiftLeft": "",
        "awardHelpUrl": "http://pimg1.126.net/swdp/game_rule/old_d11.html",
        "betHelpUrl": "http://pimg1.126.net/swdp/game_rule/old_d11.html",
        "trickUrl": "http://zxwap.caipiao.163.com/11xuan5#from=client",
        "rankMax": "",
        "rankMin": "",
        "badgeIcon": "",
        "activityText": "",
        "activityColor": ""
      }
    },
    {
      "id": "8",
      "type": "1",
      "attribute": {
        "category": "d11",
        "gameEn": "cqd11",
        "gameCn": "重庆11选5",
        "gameDesc": "",
        "logo": "",
        "playgroundLogo": "",
        "delayTime": 78,
        "maxPeriods": 85,
        "shiftLeft": "",
        "awardHelpUrl": "http://pimg1.126.net/swdp/game_rule/cqd11.html",
        "betHelpUrl": "http://pimg1.126.net/swdp/game_rule/cqd11.html",
        "trickUrl": "http://zxwap.caipiao.163.com/11xuan5#from=client",
        "rankMax": "",
        "rankMin": "",
        "badgeIcon": "",
        "activityText": "",
        "activityColor": ""
      }
    },
    {
      "id": "9",
      "type": "1",
      "attribute": {
        "category": "d11",
        "gameEn": "lnd11",
        "gameCn": "辽宁11选5",
        "gameDesc": "",
        "logo": "",
        "playgroundLogo": "http://pimg1.126.net/caipiao_info/images/headFigure/appLotteryStandbyImg/2014091812LC251265811411013438297.png",
        "delayTime": 78,
        "maxPeriods": 83,
        "shiftLeft": "",
        "awardHelpUrl": "http://pimg1.126.net/swdp/game_rule/lnd11.html",
        "betHelpUrl": "http://pimg1.126.net/swdp/game_rule/lnd11.html",
        "trickUrl": "http://zxwap.caipiao.163.com/11xuan5#from=client",
        "rankMax": "",
        "rankMin": "",
        "badgeIcon": "",
        "activityText": "",
        "activityColor": ""
      }
    },
    {
      "id": "10",
      "type": "1",
      "attribute": {
        "category": "d11",
        "gameEn": "hljd11",
        "gameCn": "好运11选5",
        "gameDesc": "",
        "logo": "",
        "playgroundLogo": "",
        "delayTime": 150,
        "maxPeriods": 79,
        "shiftLeft": "",
        "awardHelpUrl": "http://pimg1.126.net/swdp/game_rule/hljd11.html",
        "betHelpUrl": "http://pimg1.126.net/swdp/game_rule/hljd11.html",
        "trickUrl": "http://zxwap.caipiao.163.com/11xuan5#from=client",
        "rankMax": "",
        "rankMin": "",
        "badgeIcon": "",
        "activityText": "",
        "activityColor": ""
      }
    },
    {
      "id": "11",
      "type": "2",
      "attribute": {
        "logo": "",
        "cardName": "快3系列",
        "cardDesc": "摇骰子中大奖",
        "shiftLeft": "",
        "rankMax": "",
        "rankMin": "",
        "badgeIcon": "",
        "activityText": "",
        "activityColor": ""
      }
    },
    {
      "id": "12",
      "type": "1",
      "attribute": {
        "category": "kuai3",
        "gameEn": "gxkuai3",
        "gameCn": "新快3",
        "gameDesc": "",
        "logo": "",
        "playgroundLogo": "",
        "delayTime": 166,
        "maxPeriods": 78,
        "shiftLeft": "",
        "awardHelpUrl": "http://pimg1.126.net/swdp/game_rule/gxkuai3.html",
        "betHelpUrl": "http://pimg1.126.net/swdp/game_rule/gxkuai3.html",
        "trickUrl": "",
        "rankMax": "",
        "rankMin": "",
        "badgeIcon": "",
        "activityText": "",
        "activityColor": ""
      }
    },
    {
      "id": "13",
      "type": "1",
      "attribute": {
        "category": "kuai3",
        "gameEn": "oldkuai3",
        "gameCn": "江苏快3",
        "gameDesc": "",
        "logo": "",
        "playgroundLogo": "",
        "delayTime": 83,
        "maxPeriods": 78,
        "shiftLeft": "",
        "awardHelpUrl": "http://pimg1.126.net/swdp/game_rule/oldkuai3.html",
        "betHelpUrl": "http://pimg1.126.net/swdp/game_rule/oldkuai3.html",
        "trickUrl": "http://zxwap.caipiao.163.com/kuai3#from=client",
        "rankMax": "",
        "rankMin": "",
        "badgeIcon": "",
        "activityText": "",
        "activityColor": ""
      }
    },
    {
      "id": "14",
      "type": "1",
      "attribute": {
        "category": "kuai3",
        "gameEn": "hbkuai3",
        "gameCn": "湖北快3",
        "gameDesc": "",
        "logo": "",
        "playgroundLogo": "",
        "delayTime": 166,
        "maxPeriods": 84,
        "shiftLeft": "",
        "awardHelpUrl": "http://pimg1.126.net/swdp/game_rule/hbkuai3.html",
        "betHelpUrl": "http://pimg1.126.net/swdp/game_rule/hbkuai3.html",
        "trickUrl": "http://zxwap.caipiao.163.com/kuai3#from=client",
        "rankMax": "",
        "rankMin": "",
        "badgeIcon": "",
        "activityText": "",
        "activityColor": ""
      }
    },
    {
      "id": "15",
      "type": "1",
      "attribute": {
        "category": "kuai3",
        "gameEn": "kuai3",
        "gameCn": "快3",
        "gameDesc": "",
        "logo": "",
        "playgroundLogo": "",
        "delayTime": 145,
        "maxPeriods": 78,
        "shiftLeft": "",
        "awardHelpUrl": "http://pimg1.126.net/swdp/game_rule/kuai3.html",
        "betHelpUrl": "http://pimg1.126.net/swdp/game_rule/kuai3.html",
        "trickUrl": "http://zxwap.caipiao.163.com/kuai3#from=client",
        "rankMax": "",
        "rankMin": "",
        "badgeIcon": "",
        "activityText": "",
        "activityColor": ""
      }
    },
    {
      "id": "16",
      "type": "1",
      "attribute": {
        "category": "dlt",
        "gameEn": "dlt",
        "gameCn": "大乐透",
        "gameDesc": "3元中1600万",
        "logo": "",
        "playgroundLogo": "",
        "delayTime": 0,
        "maxPeriods": 154,
        "shiftLeft": "",
        "awardHelpUrl": "http://pimg1.126.net/swdp/game_rule/dlt.html",
        "betHelpUrl": "http://pimg1.126.net/swdp/game_rule/dlt.html",
        "trickUrl": "",
        "rankMax": "",
        "rankMin": "",
        "badgeIcon": "",
        "activityText": "",
        "activityColor": ""
      }
    },
    {
      "id": "17",
      "type": "1",
      "attribute": {
        "category": "jclq",
        "gameEn": "jclq",
        "gameCn": "竞彩篮球",
        "gameDesc": "玩2串1最易中",
        "logo": "",
        "playgroundLogo": "",
        "delayTime": 0,
        "maxPeriods": 0,
        "shiftLeft": "",
        "awardHelpUrl": "http://caipiao.163.com/nfop/how/index.htm",
        "betHelpUrl": "http://caipiao.163.com/nfop/how/index.htm",
        "trickUrl": "",
        "rankMax": "",
        "rankMin": "",
        "badgeIcon": "",
        "activityText": "",
        "activityColor": ""
      }
    },
    {
      "id": "18",
      "type": "1",
      "attribute": {
        "category": "klpk",
        "gameEn": "klpk",
        "gameCn": "快乐扑克",
        "gameDesc": "玩扑克变款爷",
        "logo": "",
        "playgroundLogo": "",
        "delayTime": 60,
        "maxPeriods": 79,
        "shiftLeft": "",
        "awardHelpUrl": "http://pimg1.126.net/swdp/game_rule/klpk.html",
        "betHelpUrl": "http://pimg1.126.net/swdp/game_rule/klpk.html",
        "trickUrl": "http://zxwap.caipiao.163.com/kuailepuke#from=client",
        "rankMax": "",
        "rankMin": "",
        "badgeIcon": "",
        "activityText": "",
        "activityColor": ""
      }
    },
    {
      "id": "19",
      "type": "1",
      "attribute": {
        "category": "x3d",
        "gameEn": "x3d",
        "gameCn": "3D",
        "gameDesc": "简单3位赢千元",
        "logo": "",
        "playgroundLogo": "",
        "delayTime": 60,
        "maxPeriods": 358,
        "shiftLeft": "",
        "awardHelpUrl": "http://pimg1.126.net/swdp/game_rule/x3d.html",
        "betHelpUrl": "http://pimg1.126.net/swdp/game_rule/x3d.html",
        "trickUrl": "",
        "rankMax": "",
        "rankMin": "",
        "badgeIcon": "",
        "activityText": "",
        "activityColor": ""
      }
    },
    {
      "id": "20",
      "type": "1",
      "attribute": {
        "category": "feiyu",
        "gameEn": "hnfeiyu",
        "gameCn": "8选3",
        "gameDesc": "最易中高频彩",
        "logo": "",
        "playgroundLogo": "",
        "delayTime": 60,
        "maxPeriods": 78,
        "shiftLeft": "2",
        "awardHelpUrl": "http://pimg1.126.net/swdp/game_rule/fy.html",
        "betHelpUrl": "http://pimg1.126.net/swdp/game_rule/fy.html",
        "trickUrl": "http://zxwap.caipiao.163.com/xingaopin#from=client",
        "rankMax": "",
        "rankMin": "",
        "badgeIcon": "",
        "activityText": "",
        "activityColor": ""
      }
    },
    {
      "id": "21",
      "type": "1",
      "attribute": {
        "category": "jxssc",
        "gameEn": "jxssc",
        "gameCn": "新时时彩",
        "gameDesc": "10分钟赢11.6万",
        "logo": "",
        "playgroundLogo": "",
        "delayTime": 128,
        "maxPeriods": 84,
        "shiftLeft": "",
        "awardHelpUrl": "http://pimg1.126.net/swdp/game_rule/jxssc.html",
        "betHelpUrl": "http://pimg1.126.net/swdp/game_rule/jxssc.html",
        "trickUrl": "",
        "rankMax": "",
        "rankMin": "",
        "badgeIcon": "",
        "activityText": "",
        "activityColor": ""
      }
    },
    {
      "id": "22",
      "type": "1",
      "attribute": {
        "category": "football_dcspf",
        "gameEn": "football_dcspf",
        "gameCn": "足球单场",
        "gameDesc": "猜中1场就有奖",
        "logo": "",
        "playgroundLogo": "",
        "delayTime": 0,
        "maxPeriods": 0,
        "shiftLeft": "",
        "awardHelpUrl": "http://pimg1.126.net/swdp/game_rule/football_dcspf.html",
        "betHelpUrl": "http://pimg1.126.net/swdp/game_rule/football_dcspf.html",
        "trickUrl": "",
        "rankMax": "",
        "rankMin": "",
        "badgeIcon": "",
        "activityText": "",
        "activityColor": ""
      }
    },
    {
      "id": "23",
      "type": "1",
      "attribute": {
        "category": "kl10",
        "gameEn": "kl10",
        "gameCn": "粤快乐十分",
        "gameDesc": "10分钟快乐中奖",
        "logo": "",
        "playgroundLogo": "",
        "delayTime": 60,
        "maxPeriods": 84,
        "shiftLeft": "",
        "awardHelpUrl": "http://pimg1.126.net/swdp/game_rule/kl10.html",
        "betHelpUrl": "http://pimg1.126.net/swdp/game_rule/kl10.html",
        "trickUrl": "",
        "rankMax": "",
        "rankMin": "",
        "badgeIcon": "",
        "activityText": "",
        "activityColor": ""
      }
    },
    {
      "id": "24",
      "type": "1",
      "attribute": {
        "category": "klc",
        "gameEn": "klc",
        "gameCn": "快乐彩",
        "gameDesc": "12选5好玩易中",
        "logo": "",
        "playgroundLogo": "",
        "delayTime": 60,
        "maxPeriods": 80,
        "shiftLeft": "",
        "awardHelpUrl": "http://pimg1.126.net/swdp/game_rule/klc.html",
        "betHelpUrl": "http://pimg1.126.net/swdp/game_rule/klc.html",
        "trickUrl": "",
        "rankMax": "",
        "rankMin": "",
        "badgeIcon": "",
        "activityText": "",
        "activityColor": ""
      }
    },
    {
      "id": "25",
      "type": "1",
      "attribute": {
        "category": "ssc",
        "gameEn": "ssc",
        "gameCn": "重庆时时彩",
        "gameDesc": "卖至凌晨2点",
        "logo": "",
        "playgroundLogo": "",
        "delayTime": 125,
        "maxPeriods": 120,
        "shiftLeft": "",
        "awardHelpUrl": "http://pimg1.126.net/swdp/game_rule/ssc.html",
        "betHelpUrl": "http://pimg1.126.net/swdp/game_rule/ssc.html",
        "trickUrl": "http://zxwap.caipiao.163.com/ssc#from=client",
        "rankMax": "",
        "rankMin": "",
        "badgeIcon": "",
        "activityText": "",
        "activityColor": ""
      }
    },
    {
      "id": "26",
      "type": "1",
      "attribute": {
        "category": "football_dcsfgg",
        "gameEn": "football_dcsfgg",
        "gameCn": "胜负过关",
        "gameDesc": "猜胜负博大奖",
        "logo": "",
        "playgroundLogo": "",
        "delayTime": 0,
        "maxPeriods": 0,
        "shiftLeft": "",
        "awardHelpUrl": "http://pimg1.126.net/caipiao_info/images/headFigure/wapFile/shengfuguoguanjieshao.htm",
        "betHelpUrl": "http://pimg1.126.net/caipiao_info/images/headFigure/wapFile/shengfuguoguanjieshao.htm",
        "trickUrl": "",
        "rankMax": "",
        "rankMin": "",
        "badgeIcon": "",
        "activityText": "",
        "activityColor": ""
      }
    },
    {
      "id": "27",
      "type": "1",
      "attribute": {
        "category": "kl8",
        "gameEn": "kl8",
        "gameCn": "快乐8",
        "gameDesc": "5分钟赢500万",
        "logo": "",
        "playgroundLogo": "",
        "delayTime": 60,
        "maxPeriods": 120,
        "shiftLeft": "",
        "awardHelpUrl": "http://pimg1.126.net/swdp/game_rule/kl8.html",
        "betHelpUrl": "http://pimg1.126.net/swdp/game_rule/kl8.html",
        "trickUrl": "http://zxwap.caipiao.163.com/kl8#from=client",
        "rankMax": "",
        "rankMin": "",
        "badgeIcon": "",
        "activityText": "",
        "activityColor": ""
      }
    },
    {
      "id": "28",
      "type": "1",
      "attribute": {
        "category": "qxc",
        "gameEn": "qxc",
        "gameCn": "七星彩",
        "gameDesc": "2元赢500万",
        "logo": "",
        "playgroundLogo": "",
        "delayTime": 60,
        "maxPeriods": 153,
        "shiftLeft": "",
        "awardHelpUrl": "http://pimg1.126.net/swdp/game_rule/qxc.html",
        "betHelpUrl": "http://pimg1.126.net/swdp/game_rule/qxc.html",
        "trickUrl": "",
        "rankMax": "",
        "rankMin": "",
        "badgeIcon": "",
        "activityText": "",
        "activityColor": ""
      }
    },
    {
      "id": "29",
      "type": "1",
      "attribute": {
        "category": "qlc",
        "gameEn": "qlc",
        "gameCn": "七乐彩",
        "gameDesc": "30选7赢百万",
        "logo": "",
        "playgroundLogo": "",
        "delayTime": 50,
        "maxPeriods": 153,
        "shiftLeft": "",
        "awardHelpUrl": "http://pimg1.126.net/swdp/game_rule/qlc.html",
        "betHelpUrl": "http://pimg1.126.net/swdp/game_rule/qlc.html",
        "trickUrl": "",
        "rankMax": "",
        "rankMin": "",
        "badgeIcon": "",
        "activityText": "",
        "activityColor": ""
      }
    },
    {
      "id": "30",
      "type": "1",
      "attribute": {
        "category": "pl5",
        "gameEn": "pl5",
        "gameCn": "排列5",
        "gameDesc": "2元赢10万",
        "logo": "",
        "playgroundLogo": "",
        "delayTime": 60,
        "maxPeriods": 358,
        "shiftLeft": "",
        "awardHelpUrl": "http://pimg1.126.net/swdp/game_rule/pl5.html",
        "betHelpUrl": "http://pimg1.126.net/swdp/game_rule/pl5.html",
        "trickUrl": "",
        "rankMax": "",
        "rankMin": "",
        "badgeIcon": "",
        "activityText": "",
        "activityColor": ""
      }
    },
    {
      "id": "31",
      "type": "1",
      "attribute": {
        "category": "pl3",
        "gameEn": "pl3",
        "gameCn": "排列3",
        "gameDesc": "3个号赢千元",
        "logo": "",
        "playgroundLogo": "",
        "delayTime": 78,
        "maxPeriods": 358,
        "shiftLeft": "",
        "awardHelpUrl": "http://pimg1.126.net/swdp/game_rule/pl3.html",
        "betHelpUrl": "http://pimg1.126.net/swdp/game_rule/pl3.html",
        "trickUrl": "",
        "rankMax": "",
        "rankMin": "",
        "badgeIcon": "",
        "activityText": "",
        "activityColor": ""
      }
    },
    {
      "id": "32",
      "type": "1",
      "attribute": {
        "category": "football_9",
        "gameEn": "football_9",
        "gameCn": "任选九场",
        "gameDesc": "9场竞猜赚翻天",
        "logo": "",
        "playgroundLogo": "",
        "delayTime": 60,
        "maxPeriods": 79,
        "shiftLeft": "",
        "awardHelpUrl": "http://pimg1.126.net/swdp/game_rule/football_9.html",
        "betHelpUrl": "http://pimg1.126.net/swdp/game_rule/football_9.html",
        "trickUrl": "",
        "rankMax": "",
        "rankMin": "",
        "badgeIcon": "",
        "activityText": "",
        "activityColor": ""
      }
    },
    {
      "id": "33",
      "type": "1",
      "attribute": {
        "category": "football_sfc",
        "gameEn": "football_sfc",
        "gameCn": "胜负彩",
        "gameDesc": "猜胜负赢500万",
        "logo": "",
        "playgroundLogo": "",
        "delayTime": 60,
        "maxPeriods": 79,
        "shiftLeft": "",
        "awardHelpUrl": "http://pimg1.126.net/swdp/game_rule/football_sfc.html",
        "betHelpUrl": "http://pimg1.126.net/swdp/game_rule/football_sfc.html",
        "trickUrl": "",
        "rankMax": "",
        "rankMin": "",
        "badgeIcon": "",
        "activityText": "",
        "activityColor": ""
      }
    },
    {
      "id": "34",
      "type": "1",
      "attribute": {
        "category": "feiyu",
        "gameEn": "feiyu",
        "gameCn": "夺金8选3",
        "gameDesc": "最易中高频彩",
        "logo": "",
        "playgroundLogo": "",
        "delayTime": 60,
        "maxPeriods": 78,
        "shiftLeft": "1",
        "awardHelpUrl": "http://pimg1.126.net/swdp/game_rule/fy.html",
        "betHelpUrl": "http://pimg1.126.net/swdp/game_rule/fy.html",
        "trickUrl": "http://zxwap.caipiao.163.com/xingaopin#from=client",
        "rankMax": "",
        "rankMin": "",
        "badgeIcon": "",
        "activityText": "",
        "activityColor": ""
      }
    },
    {
      "id": "37",
      "type": "1",
      "attribute": {
        "category": "kuai3",
        "gameEn": "nmgkuai3",
        "gameCn": "易快3",
        "gameDesc": "骰子摇起来",
        "logo": "",
        "playgroundLogo": "",
        "delayTime": 60,
        "maxPeriods": 73,
        "shiftLeft": "",
        "awardHelpUrl": "http://pimg1.126.net/swdp/game_rule/nmgkuai3.html",
        "betHelpUrl": "http://pimg1.126.net/swdp/game_rule/nmgkuai3.html",
        "trickUrl": "http://zxwap.caipiao.163.com/kuai3#from=client",
        "rankMax": "",
        "rankMin": "",
        "badgeIcon": "",
        "activityText": "",
        "activityColor": ""
      }
    },
   {
     "id": "42",
     "type": "1",
     "attribute": {
        "category": "kuai3",
        "gameEn": "ahkuai3",
        "gameCn": "好运快3",
        "gameDesc": "",
        "logo": "",
        "playgroundLogo": "",
        "delayTime": 60,
        "maxPeriods": 80,
        "shiftLeft": "",
        "awardHelpUrl": "http://pimg1.126.net/swdp/game_rule/kuai3.html",
        "betHelpUrl": "http://pimg1.126.net/swdp/game_rule/kuai3.html",
        "trickUrl": "http://zxwap.caipiao.163.com/kuai3#from=client",
        "rankMax": "",
        "rankMin": "",
        "badgeIcon": "",
        "activityText": "",
        "activityColor": ""
     }
   }
  ],
  "layout": [
    {
      "cardId": "1",
      "childCardList": []
    },
    {
      "cardId": "16",
      "childCardList": []
    },
    {
      "cardId": "2",
      "childCardList": []
    },
    {
      "cardId": "17",
      "childCardList": []
    },
    {
      "cardId": "3",
      "childCardList": [
        "4",
        "5",
        "6",
        "7",
        "8",
        "10",
        "9"
      ]
    },
    {
      "cardId": "11",
      "childCardList": [
        "12",
        "13",
        "14",
        "15",
        "37",
        "42"
      ]
    },
    {
      "cardId": "19",
      "childCardList": []
    },
    {
      "cardId": "18",
      "childCardList": []
    },
    {
      "cardId": "21",
      "childCardList": []
    },
    {
      "cardId": "22",
      "childCardList": []
    },
    {
      "cardId": "25",
      "childCardList": []
    },
    {
      "cardId": "26",
      "childCardList": []
    },
    {
      "cardId": "27",
      "childCardList": []
    },
    {
      "cardId": "28",
      "childCardList": []
    },
    {
      "cardId": "29",
      "childCardList": []
    },
    {
      "cardId": "30",
      "childCardList": []
    },
    {
      "cardId": "31",
      "childCardList": []
    },
    {
      "cardId": "24",
      "childCardList": []
    },
    {
      "cardId": "32",
      "childCardList": []
    },
    {
      "cardId": "33",
      "childCardList": []
    },
    {
      "cardId": "23",
      "childCardList": []
    },
    {
      "cardId": "34",
      "childCardList": []
    },
    {
      "cardId": "20",
      "childCardList": []
    }
  ]
}