{
  "awardHelp": true,
  "awardHelpUrl": "http://pimg1.126.net/swdp/game_rule/dlt.html",
  "awardPush": true,
  "betHelpUrl": "http://pimg1.126.net/swdp/game_rule/dlt.html",
  "bonusOpt": false,
  "gameDesc": "3元中1600万",
  "gameCn": "大乐透",
  "gameEn": "dlt",
  "historyListClass": "DltHistoryController",
  "isBasketball": false,
  "isClient": true,
  "isFootball": false,
  "isHighFreq": false,
  "isJC": false,
  "isNative": true,
  "isNumber": true,
  "isSubGame": false,
  "maxAmount": 990000,
  "maxPeriods": 153,
  "orderListClass": "DltOrderListController",
  "parentGameEn": "dlt",
  "preGameCn": "大乐透",
  "predictBonus": false,
  "prizeExceedWan": true,
  "random": true,
  "repeat": true,
  "smartFollow": false,
  "sufGameCn": "大乐透",
  "trend": false,
  "trickUrl": "http://zxwap.caipiao.163.com/dlt#from=client",
  "webBetUrl": "",
  "webAwardUrl": "",
  "shiftLeft": ""
}