{
  "awardHelp": true,
  "awardHelpUrl": "http://pimg1.126.net/swdp/game_rule/fy.html",
  "awardPush": false,
  "betHelpUrl": "http://pimg1.126.net/swdp/game_rule/fy.html",
  "bonusOpt": false,
  "gameDesc": "最易中高频彩",
  "delayTime": 60,
  "gameCn": "夺金8选3",
  "gameEn": "feiyu",
  "historyListClass": "FYHistoryController",
  "isBasketball": false,
  "isClient": true,
  "isFootball": false,
  "isHighFreq": true,
  "isJC": false,
  "isNative": true,
  "isNumber": true,
  "isSubGame": false,
  "maxAmount": 990000,
  "maxPeriods": 78,
  "orderListClass": "FYOrderListController",
  "parentGameEn": "feiyu",
  "preGameCn": "夺金8选3",
  "predictBonus": true,
  "prizeExceedWan": false,
  "random": true,
  "repeat": true,
  "smartFollow": true,
  "sufGameCn": "夺金8选3",
  "trend": true,
  "trickUrl": "http://zxwap.caipiao.163.com/xingaopin#from=client",
  "webBetUrl": "",
  "webAwardUrl": "",
  "shiftLeft": "0"
}