{
  "awardHelp": true,
  "awardHelpUrl": "http://pimg1.126.net/caipiao_info/images/headFigure/wapFile/shengfuguoguanjieshao.htm",
  "awardPush": false,
  "betHelpUrl": "http://pimg1.126.net/caipiao_info/images/headFigure/wapFile/shengfuguoguanjieshao.htm",
  "bonusOpt": false,
  "gameDesc": "猜胜负博大奖",
  "gameCn": "胜负过关",
  "gameEn": "football_dcsfgg",
  "historyListClass": "NLDCSFGGHistoryController",
  "isBasketball": false,
  "isClient": true,
  "isDC": false,
  "isFootball": true,
  "isHighFreq": false,
  "isJC": false,
  "isNative": true,
  "isNumber": false,
  "isPlainSPF": false,
  "isSPF": true,
  "isSingle": false,
  "isSubGame": false,
  "isZJQ": false,
  "maxAmount": 990000,
  "minBetMatchNum": 3,
  "orderListClass": "NLDCSFGGOrderListController",
  "parentGameEn": "football_dcsfgg",
  "preGameCn": "胜负过关",
  "predictBonus": false,
  "prizeExceedWan": false,
  "random": false,
  "repeat": false,
  "smartFollow": false,
  "sufGameCn": "胜负过关",
  "trend": false,
  "trickUrl": "",
  "webBetUrl": "",
  "webAwardUrl": "",
  "shiftLeft": ""
}