{
  "awardHelp": true,
  "awardHelpUrl": "http://pimg1.126.net/caipiao_info/images/headFigure/wapFile/danchangbonus.htm",
  "awardPush": false,
  "betHelpUrl": "",
  "bonusOpt": false,
  "gameDesc": "",
  "gameCn": "足球单场上下单双",
  "gameEn": "football_dcsxds",
  "historyListClass": "",
  "isBasketball": false,
  "isClient": true,
  "isDC": true,
  "isFootball": true,
  "isHighFreq": false,
  "isJC": false,
  "isNative": true,
  "isNumber": false,
  "isPlainSPF": false,
  "isSPF": false,
  "isSingle": false,
  "isSubGame": true,
  "isZJQ": false,
  "maxAmount": 2000000,
  "minBetMatchNum": 1,
  "orderListClass": "",
  "parentGameEn": "football_dcspf",
  "preGameCn": "足球单场",
  "predictBonus": false,
  "prizeExceedWan": false,
  "random": false,
  "repeat": false,
  "smartFollow": false,
  "sufGameCn": "上下单双",
  "trend": false,
  "trickUrl": "",
  "webBetUrl": "",
  "webAwardUrl": "",
  "shiftLeft": ""
}