{
  "awardHelp": true,
  "awardHelpUrl": "http://pimg1.126.net/swdp/game_rule/football_sfc.html",
  "awardPush": false,
  "betHelpUrl": "http://pimg1.126.net/swdp/game_rule/football_sfc.html",
  "bonusOpt": false,
  "gameDesc": "猜胜负赢500万",
  "gameCn": "胜负彩",
  "gameEn": "football_sfc",
  "historyListClass": "FootballSfcHistoryController",
  "isBasketball": false,
  "isClient": true,
  "isDC": false,
  "isFootball": true,
  "isHighFreq": false,
  "isJC": false,
  "isNative": true,
  "isNumber": false,
  "isPlainSPF": false,
  "isSPF": false,
  "isSingle": false,
  "isSubGame": false,
  "isZJQ": false,
  "maxAmount": 990000,
  "minBetMatchNum": 0,
  "orderListClass": "SFCOrderListController",
  "parentGameEn": "football_sfc",
  "preGameCn": "胜负彩",
  "predictBonus": false,
  "prizeExceedWan": true,
  "random": true,
  "repeat": false,
  "smartFollow": false,
  "sufGameCn": "胜负彩",
  "trend": false,
  "trickUrl": "",
  "webBetUrl": "",
  "webAwardUrl": "",
  "shiftLeft": ""
}