{
  "awardHelp": false,
  "awardHelpUrl": "",
  "awardPush": false,
  "betHelpUrl": "",
  "bonusOpt": false,
  "gameDesc": "",
  "gameCn": "六场半全场",
  "gameEn": "football_bqc",
  "historyListClass": "",
  "isBasketball": false,
  "isClient": true,
  "isDC": false,
  "isFootball": true,
  "isHighFreq": false,
  "isJC": false,
  "isNative": false,
  "isNumber": false,
  "isPlainSPF": false,
  "isSPF": false,
  "isSingle": false,
  "isSubGame": false,
  "isZJQ": false,
  "maxAmount": 990000,
  "minBetMatchNum": 2,
  "orderListClass": "",
  "parentGameEn": "football_bqc",
  "preGameCn": "六场半全场",
  "predictBonus": false,
  "prizeExceedWan": true,
  "random": true,
  "repeat": false,
  "smartFollow": false,
  "sufGameCn": "六场半全场",
  "trend": false,
  "trickUrl": "",
  "webBetUrl": "",
  "webAwardUrl": "",
  "shiftLeft": ""
}