{
  "awardHelp": true,
  "awardHelpUrl": "http://pimg1.126.net/swdp/game_rule/gxkuai3.html",
  "awardPush": false,
  "betHelpUrl": "http://pimg1.126.net/swdp/game_rule/gxkuai3.html",
  "bonusOpt": false,
  "gameDesc": "10分钟一期 好玩易中",
  "delayTime": 162,
  "gameCn": "新快3",
  "gameEn": "gxkuai3",
  "historyListClass": "K3HistoryController",
  "isBasketball": false,
  "isClient": true,
  "isFootball": false,
  "isHighFreq": true,
  "isJC": false,
  "isNative": true,
  "isNumber": true,
  "isSubGame": false,
  "maxAmount": 990000,
  "maxPeriods": 78,
  "orderListClass": "K3OrderListController",
  "parentGameEn": "gxkuai3",
  "preGameCn": "新快3",
  "predictBonus": true,
  "prizeExceedWan": false,
  "random": true,
  "repeat": true,
  "smartFollow": true,
  "sufGameCn": "新快3",
  "trend": true,
  "trickUrl": "http://zxwap.caipiao.163.com/kuai3#from=client",
  "webBetUrl": "",
  "webAwardUrl": "",
  "shiftLeft": ""
}