{
  "awardHelp": true,
  "awardHelpUrl": "http://pimg1.126.net/swdp/game_rule/hbkuai3.html",
  "awardPush": false,
  "betHelpUrl": "http://pimg1.126.net/swdp/game_rule/hbkuai3.html",
  "bonusOpt": false,
  "gameDesc": "骰子摇起来 奖金滚滚来",
  "delayTime": 60,
  "gameCn": "湖北快3",
  "gameEn": "hbkuai3",
  "historyListClass": "K3HistoryController",
  "isBasketball": false,
  "isClient": true,
  "isFootball": false,
  "isHighFreq": true,
  "isJC": false,
  "isNative": true,
  "isNumber": true,
  "isSubGame": false,
  "maxAmount": 990000,
  "maxPeriods": 84,
  "orderListClass": "K3OrderListController",
  "parentGameEn": "hbkuai3",
  "preGameCn": "湖北快3",
  "predictBonus": true,
  "prizeExceedWan": false,
  "random": true,
  "repeat": true,
  "smartFollow": true,
  "sufGameCn": "湖北快3",
  "trend": true,
  "trickUrl": "http://zxwap.caipiao.163.com/kuai3#from=client",
  "webBetUrl": "",
  "webAwardUrl": "",
  "shiftLeft": ""
}