{
  "awardHelp": true,
  "awardHelpUrl": "http://pimg1.126.net/swdp/game_rule/hljd11.html",
  "awardPush": false,
  "betHelpUrl": "http://pimg1.126.net/swdp/game_rule/hljd11.html",
  "bonusOpt": false,
  "gameDesc": "10分钟1期 玩法多中奖快",
  "delayTime": 150,
  "gameCn": "好运11选5",
  "gameEn": "hljd11",
  "historyListClass": "EleHistoryController",
  "isBasketball": false,
  "isClient": true,
  "isFootball": false,
  "isHighFreq": true,
  "isJC": false,
  "isNative": true,
  "isNumber": true,
  "isSubGame": false,
  "maxAmount": 990000,
  "maxPeriods": 79,
  "orderListClass": "EleOrderListController",
  "parentGameEn": "hljd11",
  "preGameCn": "好运11选5",
  "predictBonus": true,
  "prizeExceedWan": false,
  "random": true,
  "repeat": true,
  "smartFollow": true,
  "sufGameCn": "好运11选5",
  "trend": true,
  "trickUrl": "http://zxwap.caipiao.163.com/11xuan5#from=client",
  "webBetUrl": "",
  "webAwardUrl": "",
  "shiftLeft": ""
}