{
  "awardHelp": true,
  "awardHelpUrl": "http://pimg1.126.net/swdp/game_rule/fy.html",
  "awardPush": false,
  "betHelpUrl": "http://pimg1.126.net/swdp/game_rule/fy.html",
  "bonusOpt": false,
  "defaultGameDesc": "6分钟一期 返奖率高达67%",
  "delayTime": 60,
  "gameCn": "8选3",
  "gameEn": "hnfeiyu",
  "historyListClass": "FYHistoryController",
  "isBasketball": false,
  "isClient": true,
  "isFootball": false,
  "isHighFreq": true,
  "isJC": false,
  "isNative": true,
  "isNumber": true,
  "isSubGame": false,
  "maxAmount": 990000,
  "maxPeriods": 170,
  "orderListClass": "FYOrderListController",
  "parentGameEn": "feiyu",
  "preGameCn": "8选3",
  "predictBonus": true,
  "prizeExceedWan": false,
  "random": true,
  "repeat": true,
  "smartFollow": true,
  "sufGameCn": "8选3",
  "trend": true,
  "trickUrl": "http://zxwap.caipiao.163.com/xingaopin#from=client",
  "webBetUrl": "",
  "webAwardUrl": "",
  "shiftLeft": "2"
}