{
  "awardHelp": false,
  "awardHelpUrl": "",
  "awardPush": false,
  "betHelpUrl": "",
  "bonusOpt": false,
  "gameDesc": "",
  "gameCn": "竞彩冠亚军",
  "gameEn": "jcgyj",
  "historyListClass": "",
  "isBasketball": false,
  "isClient": true,
  "isDC": false,
  "isFootball": false,
  "isHighFreq": false,
  "isJC": false,
  "isNative": true,
  "isNumber": false,
  "isPlainSPF": false,
  "isSPF": false,
  "isSingle": false,
  "isSubGame": false,
  "isZJQ": false,
  "maxAmount": 2000000,
  "minBetMatchNum": 1,
  "orderListClass": "",
  "parentGameEn": "jcgyj",
  "preGameCn": "竞彩冠亚军",
  "predictBonus": false,
  "prizeExceedWan": true,
  "random": false,
  "repeat": true,
  "smartFollow": false,
  "sufGameCn": "",
  "trend": false,
  "trickUrl": "",
  "webBetUrl": "",
  "webAwardUrl": "",
  "shiftLeft": ""
}