{
  "awardHelp": true,
  "awardHelpUrl": "http://pimg1.126.net/caipiao_info/images/headFigure/wapFile/jinglanbonus.htm",
  "awardPush": false,
  "betHelpUrl": "http://caipiao.163.com/nfop/how/index.htm",
  "bonusOpt": true,
  "gameDesc": "",
  "gameCn": "竞彩篮球胜负单关",
  "gameEn": "jclq_sf_s",
  "historyListClass": "",
  "isBasketball": true,
  "isClient": true,
  "isDC": false,
  "isFootball": false,
  "isHighFreq": false,
  "isJC": true,
  "isNative": true,
  "isNumber": false,
  "isPlainSPF": true,
  "isSPF": true,
  "isSingle": true,
  "isSubGame": true,
  "isZJQ": false,
  "maxAmount": 2000000,
  "minBetMatchNum": 1,
  "orderListClass": "",
  "parentGameEn": "jclq",
  "preGameCn": "竞彩篮球",
  "predictBonus": false,
  "prizeExceedWan": true,
  "random": false,
  "repeat": false,
  "smartFollow": false,
  "sufGameCn": "胜负单关",
  "trend": false,
  "trickUrl": "",
  "webBetUrl": "",
  "webAwardUrl": "",
  "shiftLeft": ""
}