{
  "awardHelp": true,
  "awardHelpUrl": "http://pimg1.126.net/caipiao_info/images/headFigure/wapFile/zuqiubonus.htm",
  "awardPush": false,
  "betHelpUrl": "http://pimg1.126.net/swdp/game_rule/jczq.html",
  "bonusOpt": true,
  "gameDesc": "",
  "gameCn": "竞彩足球让球胜平负单关",
  "gameEn": "jczq_rqspf_s",
  "historyListClass": "",
  "isBasketball": false,
  "isClient": true,
  "isDC": false,
  "isFootball": true,
  "isHighFreq": false,
  "isJC": true,
  "isNative": true,
  "isNumber": false,
  "isPlainSPF": false,
  "isSPF": true,
  "isSingle": true,
  "isSubGame": true,
  "isZJQ": false,
  "maxAmount": 2000000,
  "minBetMatchNum": 1,
  "orderListClass": "",
  "parentGameEn": "jczq",
  "preGameCn": "竞彩足球",
  "predictBonus": false,
  "prizeExceedWan": true,
  "random": false,
  "repeat": false,
  "smartFollow": false,
  "sufGameCn": "让球胜平负单关",
  "trend": false,
  "trickUrl": "",
  "webBetUrl": "",
  "webAwardUrl": "",
  "shiftLeft": ""
}