{
  "awardHelp": true,
  "awardHelpUrl": "http://pimg1.126.net/caipiao_info/images/headFigure/wapFile/zuqiubonus.htm",
  "awardPush": false,
  "betHelpUrl": "http://pimg1.126.net/swdp/game_rule/caiyichang.html",
  "bonusOpt": false,
  "gameDesc": "",
  "gameCn": "竞彩足球猜一场",
  "gameEn": "jczq_cyc_p",
  "historyListClass": "",
  "isBasketball": false,
  "isClient": true,
  "isDC": false,
  "isFootball": true,
  "isHighFreq": false,
  "isJC": true,
  "isNative": true,
  "isNumber": false,
  "isPlainSPF": false,
  "isSPF": false,
  "isSingle": false,
  "isSubGame": true,
  "isZJQ": false,
  "maxAmount": 2000000,
  "minBetMatchNum": 1,
  "orderListClass": "",
  "parentGameEn": "jczq",
  "preGameCn": "竞彩足球",
  "predictBonus": false,
  "prizeExceedWan": true,
  "random": false,
  "repeat": false,
  "smartFollow": false,
  "sufGameCn": "混合过关",
  "trend": false,
  "trickUrl": "",
  "webBetUrl": "",
  "webAwardUrl": "",
  "shiftLeft": ""
}
        