{
  "awardHelp": true,
  "awardHelpUrl": "http://pimg1.126.net/swdp/game_rule/old_d11.html",
  "awardPush": false,
  "betHelpUrl": "http://pimg1.126.net/swdp/game_rule/old_d11.html",
  "bonusOpt": false,
  "gameDesc": "猜对1个号就中奖",
  "delayTime": 88,
  "gameCn": "老11选5",
  "gameEn": "jxd11",
  "historyListClass": "EleHistoryController",
  "isBasketball": false,
  "isClient": true,
  "isFootball": false,
  "isHighFreq": true,
  "isJC": false,
  "isNative": true,
  "isNumber": true,
  "isSubGame": false,
  "maxAmount": 990000,
  "maxPeriods": 78,
  "orderListClass": "EleOrderListController",
  "parentGameEn": "jxd11",
  "preGameCn": "老11选5",
  "predictBonus": true,
  "prizeExceedWan": false,
  "random": true,
  "repeat": true,
  "smartFollow": true,
  "sufGameCn": "老11选5",
  "trend": true,
  "trickUrl": "http://zxwap.caipiao.163.com/11xuan5#from=client",
  "webBetUrl": "",
  "webAwardUrl": "",
  "shiftLeft": ""
}