{
  "awardHelp": true,
  "awardHelpUrl": "http://pimg1.126.net/swdp/game_rule/jxssc.html",
  "awardPush": false,
  "betHelpUrl": "http://pimg1.126.net/swdp/game_rule/jxssc.html",
  "bonusOpt": false,
  "gameDesc": "10分钟赢11.6万",
  "delayTime": 127,
  "gameCn": "新时时彩",
  "gameEn": "jxssc",
  "historyListClass": "JxsscHistoryController",
  "isBasketball": false,
  "isClient": true,
  "isFootball": false,
  "isHighFreq": true,
  "isJC": false,
  "isNative": true,
  "isNumber": true,
  "isSubGame": false,
  "maxAmount": 990000,
  "maxPeriods": 84,
  "orderListClass": "JxsscOrderListController",
  "parentGameEn": "jxssc",
  "preGameCn": "新时时彩",
  "predictBonus": true,
  "prizeExceedWan": true,
  "random": true,
  "repeat": true,
  "smartFollow": true,
  "sufGameCn": "新时时彩",
  "trend": true,
  "trickUrl": "http://zxwap.caipiao.163.com/ssc#from=client",
  "webBetUrl": "",
  "webAwardUrl": "",
  "shiftLeft": ""
}