{
  "awardHelp": true,
  "awardHelpUrl": "http://pimg1.126.net/swdp/game_rule/kl10.html",
  "awardPush": false,
  "betHelpUrl": "http://pimg1.126.net/swdp/game_rule/kl10.html",
  "bonusOpt": false,
  "gameDesc": "10分钟快乐中奖",
  "delayTime": 166,
  "gameCn": "粤快乐十分",
  "gameEn": "kl10",
  "historyListClass": "KLSFHistoryController",
  "isBasketball": false,
  "isClient": true,
  "isFootball": false,
  "isHighFreq": true,
  "isJC": false,
  "isNative": true,
  "isNumber": true,
  "isSubGame": false,
  "maxAmount": 990000,
  "maxPeriods": 84,
  "orderListClass": "KLSFOrderListController",
  "parentGameEn": "kl10",
  "preGameCn": "粤快乐十分",
  "predictBonus": true,
  "prizeExceedWan": false,
  "random": true,
  "repeat": true,
  "smartFollow": true,
  "sufGameCn": "粤快乐十分",
  "trend": true,
  "trickUrl": "http://zxwap.caipiao.163.com/klsf#from=client",
  "webBetUrl": "",
  "webAwardUrl": "",
  "shiftLeft": ""
}