{
  "awardHelp": true,
  "awardHelpUrl": "http://pimg1.126.net/swdp/game_rule/kl8.html",
  "awardPush": false,
  "betHelpUrl": "http://pimg1.126.net/swdp/game_rule/kl8.html",
  "bonusOpt": false,
  "gameDesc": "5分钟赢500万",
  "delayTime": 60,
  "gameCn": "快乐8",
  "gameEn": "kl8",
  "historyListClass": "KL8HistoryController",
  "isBasketball": false,
  "isClient": true,
  "isFootball": false,
  "isHighFreq": true,
  "isJC": false,
  "isNative": true,
  "isNumber": true,
  "isSubGame": false,
  "maxAmount": 990000,
  "maxPeriods": 120,
  "orderListClass": "Kl8OrderListController",
  "parentGameEn": "kl8",
  "preGameCn": "快乐8",
  "predictBonus": true,
  "prizeExceedWan": true,
  "random": true,
  "repeat": true,
  "smartFollow": false,
  "sufGameCn": "快乐8",
  "trend": false,
  "trickUrl": "http://zxwap.caipiao.163.com/kl8#from=client",
  "webBetUrl": "",
  "webAwardUrl": "",
  "shiftLeft": ""
}