{
  "awardHelp": true,
  "awardHelpUrl": "http://pimg.126.net/swdp/game_rule/klc.html",
  "awardPush": false,
  "betHelpUrl": "http://pimg.126.net/swdp/game_rule/klc.html",
  "bonusOpt": false,
  "gameDesc": "12选5好玩易中",
  "delayTime": 60,
  "gameCn": "快乐彩",
  "gameEn": "klc",
  "historyListClass": "KlcHistoryController",
  "isBasketball": false,
  "isClient": true,
  "isFootball": false,
  "isHighFreq": true,
  "isJC": false,
  "isNative": true,
  "isNumber": true,
  "isSubGame": false,
  "maxAmount": 990000,
  "maxPeriods": 80,
  "orderListClass": "KlcOrderListController",
  "parentGameEn": "klc",
  "preGameCn": "快乐彩",
  "predictBonus": true,
  "prizeExceedWan": false,
  "random": true,
  "repeat": true,
  "smartFollow": true,
  "sufGameCn": "快乐彩",
  "trend": true,
  "trickUrl": "http://zxwap.caipiao.163.com/kuaile12#from=client",
  "webBetUrl": "",
  "webAwardUrl": "",
  "shiftLeft": ""
}