{
  "awardHelp": true,
  "awardHelpUrl": "http://pimg1.126.net/swdp/game_rule/klpk.html",
  "awardPush": false,
  "betHelpUrl": "http://pimg1.126.net/swdp/game_rule/klpk.html",
  "bonusOpt": false,
  "gameDesc": "玩扑克变款爷",
  "delayTime": 60,
  "gameCn": "快乐扑克",
  "gameEn": "klpk",
  "historyListClass": "PKHistoryController",
  "isBasketball": false,
  "isClient": true,
  "isFootball": false,
  "isHighFreq": true,
  "isJC": false,
  "isNative": true,
  "isNumber": true,
  "isSubGame": false,
  "maxAmount": 990000,
  "maxPeriods": 79,
  "orderListClass": "PKOrderListController",
  "parentGameEn": "klpk",
  "preGameCn": "快乐扑克",
  "predictBonus": true,
  "prizeExceedWan": false,
  "random": true,
  "repeat": true,
  "smartFollow": true,
  "sufGameCn": "快乐扑克",
  "trend": true,
  "trickUrl": "http://zxwap.caipiao.163.com/kuailepuke#from=client",
  "webBetUrl": "",
  "webAwardUrl": "",
  "shiftLeft": ""
}