{
  "awardHelp": false,
  "awardHelpUrl": "",
  "awardPush": false,
  "betHelpUrl": "",
  "bonusOpt": false,
  "gameDesc": "5分钟1期 玩法多中奖快",
  "delayTime": 60,
  "gameCn": "快2",
  "gameEn": "kuai2",
  "historyListClass": "K2HistoryController",
  "isBasketball": false,
  "isClient": true,
  "isFootball": false,
  "isHighFreq": true,
  "isJC": false,
  "isNative": true,
  "isNumber": true,
  "isSubGame": false,
  "maxAmount": 990000,
  "maxPeriods": 79,
  "orderListClass": "K2OrderListController",
  "parentGameEn": "kuai2",
  "preGameCn": "快2",
  "predictBonus": true,
  "prizeExceedWan": true,
  "random": true,
  "repeat": true,
  "smartFollow": true,
  "sufGameCn": "快2",
  "trend": true,
  "trickUrl": "",
  "webBetUrl": "",
  "webAwardUrl": "",
  "shiftLeft": ""
}