{
  "awardHelp": true,
  "awardHelpUrl": "http://pimg1.126.net/swdp/game_rule/nmgkuai3.html",
  "awardPush": false,
  "betHelpUrl": "http://pimg1.126.net/swdp/game_rule/nmgkuai3.html",
  "bonusOpt": false,
  "gameDesc": "骰子摇起来奖金滚滚来",
  "delayTime": 60,
  "gameCn": "易快3",
  "gameEn": "nmgkuai3",
  "historyListClass": "K3HistoryController",
  "isBasketball": false,
  "isClient": true,
  "isFootball": false,
  "isHighFreq": true,
  "isJC": false,
  "isNative": true,
  "isNumber": true,
  "isSubGame": false,
  "maxAmount": 990000,
  "maxPeriods": 73,
  "orderListClass": "K3OrderListController",
  "parentGameEn": "kuai3",
  "preGameCn": "易快3",
  "predictBonus": true,
  "prizeExceedWan": false,
  "random": true,
  "repeat": true,
  "smartFollow": true,
  "sufGameCn": "易快3",
  "trend": true,
  "trickUrl": "http://zxwap.caipiao.163.com/kuai3#from=client",
  "webBetUrl": "",
  "webAwardUrl": "",
  "shiftLeft": ""
}
