{
  "awardHelp": true,
  "awardHelpUrl": "http://pimg1.126.net/swdp/game_rule/oldkuai3.html",
  "awardPush": false,
  "betHelpUrl": "http://pimg1.126.net/swdp/game_rule/oldkuai3.html",
  "bonusOpt": false,
  "gameDesc": "一看就会 简单易中",
  "delayTime": 158,
  "gameCn": "江苏快3",
  "gameEn": "oldkuai3",
  "historyListClass": "K3HistoryController",
  "isBasketball": false,
  "isClient": true,
  "isFootball": false,
  "isHighFreq": true,
  "isJC": false,
  "isNative": true,
  "isNumber": true,
  "isSubGame": false,
  "maxAmount": 990000,
  "maxPeriods": 78,
  "orderListClass": "K3OrderListController",
  "parentGameEn": "oldkuai3",
  "preGameCn": "江苏快3",
  "predictBonus": true,
  "prizeExceedWan": false,
  "random": true,
  "repeat": true,
  "smartFollow": true,
  "sufGameCn": "江苏快3",
  "trend": true,
  "trickUrl": "http://zxwap.caipiao.163.com/kuai3#from=client",
  "webBetUrl": "",
  "webAwardUrl": "",
  "shiftLeft": ""
}