{
  "awardHelp": true,
  "awardHelpUrl": "http://pimg1.126.net/swdp/game_rule/pl3.html",
  "awardPush": true,
  "betHelpUrl": "http://pimg1.126.net/swdp/game_rule/pl3.html",
  "bonusOpt": false,
  "gameDesc": "3个号赢千元",
  "gameCn": "排列3",
  "gameEn": "pl3",
  "historyListClass": "Pl3HistoryController",
  "isBasketball": false,
  "isClient": true,
  "isFootball": false,
  "isHighFreq": false,
  "isJC": false,
  "isNative": true,
  "isNumber": true,
  "isSubGame": false,
  "maxAmount": 990000,
  "maxPeriods": 358,
  "orderListClass": "Pl3OrderListController",
  "parentGameEn": "pl3",
  "preGameCn": "排列3",
  "predictBonus": true,
  "prizeExceedWan": false,
  "random": true,
  "repeat": true,
  "smartFollow": false,
  "sufGameCn": "排列3",
  "trend": false,
  "trickUrl": "",
  "webBetUrl": "",
  "webAwardUrl": "",
  "shiftLeft": ""
}