{
  "awardHelp": true,
  "awardHelpUrl": "http://pimg1.126.net/swdp/game_rule/pl5.html",
  "awardPush": true,
  "betHelpUrl": "http://pimg1.126.net/swdp/game_rule/pl5.html",
  "bonusOpt": false,
  "gameDesc": "2元赢10万",
  "gameCn": "排列5",
  "gameEn": "pl5",
  "historyListClass": "Pl5HistoryController",
  "isBasketball": false,
  "isClient": true,
  "isFootball": false,
  "isHighFreq": false,
  "isJC": false,
  "isNative": true,
  "isNumber": true,
  "isSubGame": false,
  "maxAmount": 990000,
  "maxPeriods": 358,
  "orderListClass": "Pl5OrderListController",
  "parentGameEn": "pl5",
  "preGameCn": "排列5",
  "predictBonus": true,
  "prizeExceedWan": true,
  "random": true,
  "repeat": true,
  "smartFollow": false,
  "sufGameCn": "排列5",
  "trend": false,
  "trickUrl": "",
  "webBetUrl": "",
  "webAwardUrl": "",
  "shiftLeft": ""
}