{
  "awardHelp": true,
  "awardHelpUrl": "http://pimg1.126.net/swdp/game_rule/qxc.html",
  "awardPush": true,
  "betHelpUrl": "http://pimg1.126.net/swdp/game_rule/qxc.html",
  "bonusOpt": false,
  "gameDesc": "2元赢500万",
  "gameCn": "七星彩",
  "gameEn": "qxc",
  "historyListClass": "QxcHistoryController",
  "isBasketball": false,
  "isClient": true,
  "isFootball": false,
  "isHighFreq": false,
  "isJC": false,
  "isNative": true,
  "isNumber": true,
  "isSubGame": false,
  "maxAmount": 990000,
  "maxPeriods": 153,
  "orderListClass": "QxcOrderListController",
  "parentGameEn": "qxc",
  "preGameCn": "七星彩",
  "predictBonus": false,
  "prizeExceedWan": true,
  "random": true,
  "repeat": true,
  "smartFollow": false,
  "sufGameCn": "七星彩",
  "trend": false,
  "trickUrl": "",
  "webBetUrl": "",
  "webAwardUrl": "",
  "shiftLeft": ""
}