{
  "awardHelp": true,
  "awardHelpUrl": "http://pimg1.126.net/swdp/game_rule/ssc.html",
  "awardPush": false,
  "betHelpUrl": "http://pimg1.126.net/swdp/game_rule/ssc.html",
  "bonusOpt": false,
  "gameDesc": "卖至凌晨2点",
  "delayTime": 120,
  "gameCn": "重庆时时彩",
  "gameEn": "ssc",
  "historyListClass": "SscHistoryController",
  "isBasketball": false,
  "isClient": true,
  "isFootball": false,
  "isHighFreq": true,
  "isJC": false,
  "isNative": true,
  "isNumber": true,
  "isSubGame": false,
  "maxAmount": 990000,
  "maxPeriods": 120,
  "orderListClass": "SscOrderListController",
  "parentGameEn": "ssc",
  "preGameCn": "重庆时时彩",
  "predictBonus": true,
  "prizeExceedWan": true,
  "random": true,
  "repeat": true,
  "smartFollow": true,
  "sufGameCn": "重庆时时彩",
  "trend": true,
  "trickUrl": "http://zxwap.caipiao.163.com/ssc#from=client",
  "webBetUrl": "",
  "webAwardUrl": "",
  "shiftLeft": ""
}