{
  "awardHelp": true,
  "awardHelpUrl": "http://pimg1.126.net/swdp/game_rule/ssq.html",
  "awardPush": true,
  "betHelpUrl": "http://pimg1.126.net/swdp/game_rule/ssq.html",
  "bonusOpt": false,
  "gameDesc": "2元中1000万",
  "gameCn": "双色球",
  "gameEn": "ssq",
  "historyListClass": "SsqHistoryController",
  "isBasketball": false,
  "isClient": true,
  "isFootball": false,
  "isHighFreq": false,
  "isJC": false,
  "isNative": true,
  "isNumber": true,
  "isSubGame": false,
  "maxAmount": 10000000,
  "maxPeriods": 154,
  "orderListClass": "SsqOrderListController",
  "parentGameEn": "ssq",
  "preGameCn": "双色球",
  "predictBonus": false,
  "prizeExceedWan": true,
  "random": true,
  "repeat": true,
  "smartFollow": false,
  "sufGameCn": "双色球",
  "trend": false,
  "trickUrl": "http://zxwap.caipiao.163.com/ssq#from=client",
  "webBetUrl": "",
  "webAwardUrl": "",
  "shiftLeft": ""
}