{
  "awardHelp": true,
  "awardHelpUrl": "http://pimg1.126.net/swdp/game_rule/x3d.html",
  "awardPush": true,
  "betHelpUrl": "http://pimg1.126.net/swdp/game_rule/x3d.html",
  "bonusOpt": false,
  "gameDesc": "简单3位赢千元",
  "gameCn": "3D",
  "gameEn": "x3d",
  "historyListClass": "D3HistoryController",
  "isBasketball": false,
  "isClient": true,
  "isFootball": false,
  "isHighFreq": false,
  "isJC": false,
  "isNative": true,
  "isNumber": true,
  "isSubGame": false,
  "maxAmount": 990000,
  "maxPeriods": 358,
  "orderListClass": "D3OrderListController",
  "parentGameEn": "x3d",
  "preGameCn": "3D",
  "predictBonus": true,
  "prizeExceedWan": false,
  "random": true,
  "repeat": true,
  "smartFollow": false,
  "sufGameCn": "3D",
  "trend": false,
  "trickUrl": "",
  "webBetUrl": "",
  "webAwardUrl": "",
  "shiftLeft": ""
}